id,原文,地点,人员,灾情,需求,紧急程度,经度,纬度,匹配地名
tmpl_0009,"#紧急求救# 雅安芦山县附近堤坝决口, 我们14个人被困学校教学楼, 需要食物, 电话13512345678",雅安芦山县 / 学校教学楼,我们14个人,堤坝决口,需要食物 / 电话13512345678,emergency,102.929,30.144,雅安芦山县 [local]
tmpl_0056,"麻烦扩散: 青海玉树小区地下负一层发生房子塌了, 我们一家五口, 需要保暖衣物, 电话13900001234",青海玉树 / 小区地下负一层,我们一家五口,房子塌了,需要保暖衣物 / 电话13900001234,high,97.008,33.004,青海玉树 [local]
tmpl_0200,"各位: 北川县城地下车库发生停电了, 有6个老人被困, 急需药品, 手机13766665588",北川县城 / 地下车库,有6个老人,停电了,急需药品 / 手机13766665588,medium,104.468,31.827,北川县城 [local]
tmpl_0216,"坐标九寨沟县, 幼儿园一楼台风吹倒树, 有3个人, 需要保暖衣物, 联系13888887777",九寨沟县 / 幼儿园一楼,有3个人,台风吹倒树,需要保暖衣物 / 联系13888887777,high,104.243,33.262,九寨沟县 [local]
tmpl_0016,"@救援队 信阳固始县厂房宿舍通讯断了, 有4个学生, 缺少干净水源, 联系15900001234",救援队 / 信阳固始县 / 厂房宿舍,有4个学生,通讯断了,缺少干净水源 / 联系15900001234,high,115.654,32.169,信阳固始县 [local]
tmpl_0144,"十万火急! 盐源县学校教学楼墙体倾斜, 我们一家五口, 现在很危险, 需要棉被过夜, 电话13900001234",盐源县 / 学校教学楼,我们一家五口,墙体倾斜,需要棉被过夜 / 电话13900001234,emergency,101.51,27.43,盐源县 [local]
seed_0009,"丽江宁蒗县永宁乡,地震加滑坡,村委会活动板房里14人等救援,需要棉被和发电机,手机18700002222",丽江宁蒗县永宁乡,14人,地震 / 滑坡,棉被 / 发电机 / 手机18700002222,high,100.711,27.732,宁蒗县永宁乡 [local]
tmpl_0205,"紧急求助!! 我们在丽江宁蒗县卫生院3楼, 台风吹倒树, 有8个人, 缺水缺粮, 手机18600001111",丽江宁蒗县 / 卫生院3楼,有8个人,台风吹倒树,缺水缺粮 / 手机18600001111,emergency,100.851,27.285,丽江宁蒗县 [local]
tmpl_0050,"@救援队 舟曲县城地下车库山体滑坡, 有两位腿脚不便的老人, 缺水缺粮, 手机13766665588",救援队 / 舟曲县城 / 地下车库,有两位腿脚不便的老人,山体滑坡,缺水缺粮 / 手机13766665588,high,104.371,33.79,舟曲县城 [local]
seed_0015,"求助!四川炉霍县,地震后山体松动,村里5户人家被困,需要食物和水,联系13911112222",四川炉霍县,5户人家,地震 / 山体松动,食物 / 水 / 联系13911112222,high,100.676,31.392,四川炉霍县 [local]
tmpl_0080,"凉山木里县附近山洪暴发, 养老院二楼里有我们14个人, 缺少干净水源, 联系15900001234",凉山木里县 / 养老院二楼,我们14个人,山洪暴发,缺少干净水源 / 联系15900001234,high,101.28,27.829,凉山木里县 [local]
tmpl_0084,"十万火急! 青海玉树小区地下负一层积水2米深, 有8个人, 现在很危险, 需要发电机, 电话13512345678",青海玉树 / 小区地下负一层,有8个人z,积水2米深,需要发电机 / 电话13512345678,emergency,97.008,33.004,青海玉树 [local]
tmpl_0065,"麻烦扩散: 北京门头沟区村委会二楼发生墙体倾斜, 有8个人, 需要发电机, 联系15900001234",北京门头沟区 / 村委会二楼,有8个人,墙体倾斜,需要发电机 / 联系15900001234,high,116.101,39.94,北京门头沟区 [local]
seed_0059,"陕西西安,蓝田县山洪,汤峪镇有游客被困景区,需要救援人员,手机13900007777",陕西西安 / 蓝田县 / 汤峪镇 / 景,游客,山洪,救援人员 / 手机13900007777,high,109.32,34.151,蓝田县 [local]
tmpl_0095,"紧急求助!! 我们在珠海香洲区工地活动板房, 山体滑坡, 有6个老人, 需要帐篷, 电话13512345678",珠海香洲区 / 工地活动板房,有6个老人,山体滑坡,需要帐篷 / 电话13512345678,emergency,113.54,22.266,珠海香洲区 [local]
seed_0046,"湖南长沙,岳麓区居民楼火灾,12层有老人被困,需要云梯车,手机13700002222",湖南长沙 / 岳麓区 / 居民楼 / 2层,老人,火灾,云梯车 / 手机13700002222,emergency,112.912,28.226,岳麓区 [local]
tmpl_0004,"麻烦扩散: 鹤壁浚县顶楼发生地面塌陷, 有6个老人, 急需药品, 电话13900001234",鹤壁浚县 / 顶楼,有6个老人,地面塌陷,急需药品 / 电话13900001234,high,114.55,35.675,鹤壁浚县 [local]
tmpl_0002,"@救援队 雅安芦山县地下车库通讯断了, 有4个学生, 急需饮用水, 电话13900001234",救援队 / 雅安芦山县 / 地下车库,有4个学生,通讯断了,急需饮用水 / 电话13900001234,high,102.929,30.144,雅安芦山县 [local]
tmpl_0137,"凉山木里县这边火势很大, 有6个老人, 急需抽水机, 请转发帮助, 电话13512345678",凉山木里县,有6个老人,火势很大,急需抽水机 / 电话13512345678,high,101.28,27.829,凉山木里县 [local]
seed_0023,"余姚市,姚江水位超警,阳明街道车库被淹,有3人困在车里,需要破拆工具,手机13777778888",余姚市 / 姚江 / 阳明街道,3人,水位超警 / 车库被淹,破拆工具 / 手机13777778888,emergency,121.14,30.03,阳明街道 [local]
seed_0044,"重庆江津区,山林大火,四面山镇火势失控,有游客被困景区,急需救援,电话13900009999",重庆江津区 / 四面山镇 / 景,游客,山林大火 / 火势失控,救援 / 电话13900009999,emergency,106.43,28.65,四面山镇 [local]
tmpl_0141,"求助: 河北涿州学校教学楼, 泥石流冲下来, 有一位孕妇, 缺少干净水源, 手机18600001111",河北涿州 / 学校教学楼,有一位孕妇,泥石流冲下来,缺少干净水源 / 手机18600001111,high,115.981,39.486,河北涿州 [local]
tmpl_0190,"SOS! 汶川映秀镇厂房宿舍, 房子塌了, 有一位孕妇, 已经撑不住了, 需要棉被过夜, 电话13512345678",汶川映秀镇 / 厂房宿舍,有一位孕妇,房子塌了,需要棉被过夜 / 电话13512345678,emergency,103.485,31.006,汶川映秀镇 [local]
tmpl_0139,"求转发: 九寨沟县工地活动板房地震了, 我一家三口, 需要干净的水, 联系13888887777",九寨沟县 / 工地活动板房,我一家三口,地震了,需要干净的水 / 联系13888887777,medium,104.243,33.262,九寨沟县 [local]
tmpl_0189,"急!!! 鹤壁浚县方向路被堵死, 有3个人困在菜市场顶楼里, 需要救援人员, 手机18600001111",鹤壁浚县 / 菜市场顶楼,有3个人,路被堵死,需要 / 救援人员 / 手机18600001111,emergency,114.55,35.675,鹤壁浚县 [local]
seed_0006,"凉山木里县瓦厂镇发生地震,村里20多间房屋倒塌,有6位老人和3个孩子被困,急需救援!",凉山木里县瓦厂镇,6位老人和 / 3个孩子,地震 / 房屋倒塌,,emergency,101.225,27.898,木里县瓦厂镇 [local]
seed_0063,"西藏日喀则,定日县地震,有15户牧民需要帐篷和棉被过夜,电话13800002345",西藏日喀则 / 定日县,15户牧民,地震,帐篷 / 棉被 / 电话13800002345,high,88.885,29.267,日喀则 [local]
seed_0057,"内蒙古赤峰,巴林右旗草原火灾,有牧民4户被困,需要消防车,电话13800005555",内蒙古赤峰 / 巴林右旗,牧民4户,草原火灾,消防车 / 电话13800005555,emergency,118.665,43.53,巴林右旗 [local]
tmpl_0078,"SOS! 凉山木里县地下车库, 地面塌陷, 有3个人, 已经撑不住了, 急需担架, 联系13888887777",凉山木里县 / 地下车库,有3个人,地面塌陷,急需担架 / 联系13888887777,emergency,101.28,27.829,凉山木里县 [local]
tmpl_0072,"麻烦扩散: 厦门翔安区养老院二楼发生地面塌陷, 我一家三口, 需要帐篷, 联系15900001234",厦门翔安区 / 养老院二楼,我一家三口,地面塌陷,需要帐篷 / 联系15900001234,high,118.246,24.551,厦门翔安区 [local]
tmpl_0127,"雅安芦山县这边房子塌了, 有10多个人, 暂时安全但急需抽水机, 手机13766665588",雅安芦山县,有10多个人,房子塌了,急需抽水机 / 手机13766665588,medium,102.929,30.144,雅安芦山县 [local]
tmpl_0060,"SOS! 九寨沟县村委会二楼, 台风吹倒树, 我们14个人, 已经撑不住了, 急需饮用水, 电话13512345678",九寨沟县 / 村委会二楼,我们14个人,台风吹倒树,急需饮用水 / 电话13512345678,emergency,104.243,33.262,九寨沟县 [local]
tmpl_0171,"麻烦扩散: 大理漾濞县3楼发生火势很大, 有8个人, 急需抽水机, 电话13512345678",大理漾濞县 / 3楼,有8个人,火势很大,急需抽水机 / 电话13512345678,high,99.958,25.67,大理漾濞县 [local]
seed_0053,"云南怒江,贡山县发生山洪,有10余户村民被困,需要食物和保暖衣物,手机13900001111",云南怒江 / 贡山县,10余户村民,山洪,食物 / 保暖衣物 / 手机13900001111,high,98.666,27.741,贡山县 [local]
tmpl_0001,"求助: 信阳固始县地下车库, 堤坝决口, 有老人和小孩共12人, 缺水缺粮, 手机18600001111",信阳固始县 / 地下车库,有老人和小孩共12人,堤坝决口,缺水缺粮 / 手机18600001111,high,115.654,32.169,信阳固始县 [local]
tmpl_0013,"盐源县附近房子塌了, 小区地下负一层里有有老人和小孩共12人, 需要棉被过夜, 电话13900001234",盐源县 / 小区地下负一层,有老人和小孩共12人,房子塌了,需要棉被过夜 / 电话13900001234,high,101.51,27.43,盐源县 [local]
tmpl_0172,"救命! 厦门翔安区学校教学楼, 火势很大, 我一家三口, 需要救援人员, 手机18600001111",厦门翔安区 / 学校教学楼,我一家三口,火势很大,需要救援人员 / 手机18600001111,emergency,118.246,24.551,厦门翔安区 [local]
seed_0002,"#求助# 北川老县城王家岩滑坡,有8个老人被困村委会,急需药品和担架,联系13888887777",北川老县城王家岩,8个老人 / 村委会,滑坡,药品 / 担架 / 联系13888887777,emergency,104.432,31.838,北川老县城 [local]
tmpl_0059,"SOS! 盐源县村委会二楼, 山洪暴发, 有5个被困群众, 已经撑不住了, 急需抗生素, 手机18600001111",盐源县 / 村委会二楼,有5个被困群众,山洪暴发,急需抗生素 / 手机18600001111,emergency,101.51,27.43,盐源县 [local]
tmpl_0179,"北川县城情况通报: 火势很大, 有老人和小孩共12人, 求救船只, 电话13512345678",北川县城,有老人和小孩共12人,火势很大,求救船只 / 电话13512345678,medium,104.468,31.827,北川县城 [local]
seed_0032,"浙江台州,台风利奇马,椒江区有树木倒伏砸房,3户人家被困,需要救援人员,联系13800004444",浙江台州 / 椒江区,3户人家,台风利奇马 / 树木倒伏砸房,救援人员 / 联系13800004444,high,121.44,28.67,椒江区 [local]
tmpl_0042,"@救援队 凉山木里县顶楼河水倒灌, 有3个人, 急需担架, 电话13900001234",救援队 / 凉山木里县 / 顶楼,有3个人,河水倒灌,急需担架 / 电话13900001234,high,101.28,27.829,凉山木里县 [local]
tmpl_0069,"十万火急! 盐源县顶楼台风吹倒树, 有几十个村民, 现在很危险, 急需药品, 联系15900001234",盐源县 / 顶楼,有几十个村民,台风吹倒树,急需药品 / 联系15900001234,emergency,101.51,27.43,盐源县 [local]
tmpl_0195,"温州永嘉县这边起大火了, 我们14个人, 求救船只, 请转发帮助, 电话13512345678",温州永嘉县,我们14个人,起大火了,求救船只 / 电话13512345678,high,120.69,28.15,温州永嘉县 [local]
tmpl_0184,"盐源县这边泥石流冲下来, 有5个被困群众, 缺少干净水源, 请转发帮助, 联系15900001234",盐源县,有5个被困群众,泥石流冲下来,缺少干净水源 / 联系15900001234,high,101.51,27.43,盐源县 [local]
tmpl_0175,"各位: 舟曲县城3楼发生山洪暴发, 有8个人被困, 缺水缺粮, 电话13900001234",舟曲县城 / 3楼,有8个人,山洪暴发,缺水缺粮 / 电话13900001234,medium,104.371,33.79,舟曲县城 [local]
tmpl_0174,"@救援队 盐源县卫生院3楼路被堵死, 有老人和小孩共12人, 急需抗生素, 电话13900001234",救援队 / 盐源县 / 卫生院3楼,有老人和小孩共12人,路被堵死,急需抗生素 / 电话13900001234,high,101.51,27.43,盐源县 [local]
seed_0052,"求助!山西临汾,乡宁县山体滑坡,有6栋民房被埋,需要救援设备和搜救犬,电话13500009999",山西临汾 / 乡宁县,6,山体滑坡 / 民房被埋,救援设备 / 搜救犬 / 电话13500009999,emergency,110.846,35.961,乡宁县 [local]
tmpl_0218,"麻烦扩散: 凉山木里县工地活动板房发生楼板裂开了, 有4个学生, 需要棉被过夜, 手机13766665588",凉山木里县 / 工地活动板房,有4个学生,楼板裂开了,需要棉被过夜 / 手机13766665588,high,101.28,27.829,凉山木里县 [local]
tmpl_0096,"#紧急求救# 郑州京广路隧道附近路被堵死, 有6个老人被困地下车库, 需要救援人员, 手机18600001111",郑州京广路隧道 / 地下车库,有6个老人,路被堵死,要 / 救援人员 / 手机18600001111,emergency,113.64,34.748,郑州京广路隧道 [local]
tmpl_0157,"郑州京广路隧道附近河水倒灌, 厂房宿舍里有有10多个人, 需要食物, 联系15900001234",郑州京广路隧道 / 厂房宿舍,有10多个人,河水倒灌,需要食物 / 联系15900001234,high,113.64,34.748,郑州京广路隧道 [local]
tmpl_0036,"坐标厦门翔安区, 养老院二楼堤坝决口, 我们14个人, 缺少干净水源, 电话13900001234",厦门翔安区 / 养老院二楼,我们14个人,堤坝决口,缺少干净水源 / 电话13900001234,high,118.246,24.551,厦门翔安区 [local]
tmpl_0007,"求助: 余姚市幼儿园一楼, 楼板裂开了, 有两个受伤的老人, 急需药品, 手机18600001111",余姚市 / 幼儿园一楼,有两个受伤的老人,楼板裂开了,急需药品 / 手机18600001111,high,121.154,30.04,余姚市 [local]
tmpl_0043,"救命! 邢台隆尧县村委会二楼, 堤坝决口, 有4个学生, 需要食物, 联系15900001234",邢台隆尧县 / 村委会二楼,有4个学生,堤坝决口,需要食物 / 联系15900001234,emergency,114.77,37.35,邢台隆尧县 [local]
seed_0008,"宜宾长宁县双河镇,6.0级地震,房子楼板掉下来,有孕妇被困卧室,急需担架,电话13312345678",宜宾长宁县双河镇,孕妇,6.0级 / 地震 / 楼板掉下来,担架 / 电话13312345678,emergency,104.82,28.465,长宁县双河镇 [local]
seed_0028,"湖南岳阳,洞庭湖大堤告急,君山区有村民5户被困,需要沙袋和救援队,电话13500001234",湖南岳阳 / 洞庭湖大堤 / 君山区,村民5户,,沙袋 / 救援队 / 电话13500001234,emergency,112.8,29.31,洞庭湖 [local]
tmpl_0081,"各位: 珠海香洲区卫生院3楼发生地面塌陷, 我们一家五口被困, 急需抽水机, 联系13888887777",珠海香洲区 / 卫生院3楼,我们一家五口,地面塌陷,急需抽水机 / 联系13888887777,medium,113.54,22.266,珠海香洲区 [local]
tmpl_0130,"十万火急! 盐源县村委会二楼路被堵死, 我们一家五口, 现在很危险, 急需饮用水, 电话13900001234",盐源县 / 村委会二楼,我们一家五口,路被堵死,急需饮用水 / 电话13900001234,emergency,101.51,27.43,盐源县 [local]
tmpl_0077,"紧急求助!! 我们在河北涿州厂房宿舍, 地震了, 有两位腿脚不便的老人, 急需抽水机, 电话13900001234",河北涿州 / 厂房宿舍,有两位腿脚不便的老人,地震了,急需抽水机 / 电话13900001234,emergency,115.981,39.486,河北涿州 [local]
tmpl_0199,"九寨沟县附近山洪暴发, 厂房宿舍里有有20多个居民, 需要棉被过夜, 手机18600001111",九寨沟县 / 厂房宿舍,有20多个居民,山洪暴发,需要棉被过夜 / 手机18600001111,high,104.243,33.262,九寨沟县 [local]
tmpl_0083,"#紧急求救# 盐源县附近起大火了, 有两位腿脚不便的老人被困顶楼, 急需担架, 电话13900001234",盐源县 / 顶楼,有两位腿脚不便的老人,起大火了,急需担架 / 电话13900001234,emergency,101.51,27.43,盐源县 [local]
tmpl_0219,"#紧急求救# 郑州京广路隧道附近楼板裂开了, 有两个受伤的老人被困菜市场顶楼, 急需抗生素, 电话13900001234",郑州京广路隧道 / 菜市场顶楼,有两个受伤的老人,楼板裂开了,急需抗生素 / 电话13900001234,emergency,113.64,34.748,郑州京广路隧道 [local]
tmpl_0039,"余姚市这边地震了, 有4个学生, 暂时安全但急需药品, 电话13512345678",余姚市,有4个学生,地震了,急需药品 / 电话13512345678,medium,121.154,30.04,余姚市 [local]
tmpl_0178,"十万火急! 河北涿州厂房宿舍山体滑坡, 我们14个人, 现在很危险, 求救船只, 联系15900001234",河北涿州 / 厂房宿舍,我们14个人,山体滑坡,求救船只 / 联系15900001234,emergency,115.981,39.486,河北涿州 [local]
seed_0003,"雅安芦山县龙门乡,地震后房子墙体开裂,我们5个人需要帐篷过夜,电话13766665588",雅安芦山县龙门乡,5个人,地震 / 墙体开裂,帐篷 / 电话13766665588,high,102.929,30.144,雅安芦山县 [local]
tmpl_0014,"求助: 新乡牧野区村委会二楼, 通讯断了, 有两位腿脚不便的老人, 需要救援人员, 手机13766665588",新乡牧野区 / 村委会二楼,有两位腿脚不便的老人,通讯断了,需要救援人员 / 手机13766665588,high,113.917,35.316,新乡牧野区 [local]
seed_0001,"救命啊!汶川映秀镇中心学校3楼塌了,我们一家三口困在里面,缺水和食物,电话13900001234",汶川映秀镇中心学校3楼,们一家三口,塌了,缺水和食物 / 电话13900001234,emergency,103.486,31.008,汶川映秀镇中心学校 [local]
tmpl_0204,"紧急求助!! 我们在信阳固始县3楼, 停电了, 有两位腿脚不便的老人, 需要保暖衣物, 手机13766665588",信阳固始县 / 3楼,有两位腿脚不便的老人,停电了,需要保暖衣物 / 手机13766665588,emergency,115.654,32.169,信阳固始县 [local]
tmpl_0040,"大理漾濞县附近余震不断, 村委会二楼里有有10多个人, 需要帐篷, 手机13766665588",大理漾濞县 / 村委会二楼,有10多个人,余震不断,需要帐篷 / 手机13766665588,high,99.958,25.67,大理漾濞县 [local]
tmpl_0006,"救命! 宜宾长宁县工地活动板房, 火势很大, 有6个老人, 急需药品, 电话13900001234",宜宾长宁县 / 工地活动板房,有6个老人,火势很大,急需药品 / 电话13900001234,emergency,104.921,28.58,宜宾长宁县 [local]
tmpl_0117,"救命! 信阳固始县厂房宿舍, 余震不断, 有8个人, 需要棉被过夜, 电话13900001234",信阳固始县 / 厂房宿舍,有8个人,余震不断,需要棉被过夜 / 电话13900001234,emergency,115.654,32.169,信阳固始县 [local]
tmpl_0049,"各位: 舟曲县城3楼发生路被堵死, 有5个被困群众被困, 急需抗生素, 联系15900001234",舟曲县城 / 3楼,有5个被困群众,路被堵死,急需抗生素 / 联系15900001234,medium,104.371,33.79,舟曲县城 [local]
tmpl_0122,"紧急求助!! 我们在河北涿州顶楼, 积水2米深, 我们一家五口, 急需抗生素, 电话13900001234",河北涿州 / 顶楼,我们一家五口,积水2米深,急需抗生素 / 电话13900001234,emergency,115.981,39.486,河北涿州 [local]
tmpl_0068,"盐源县山体滑坡, 有几十个村民, 缺少干净水源, 麻烦有关部门关注, 手机13766665588",盐源县,有几十个村民,山体滑坡,缺少干净水源 / 手机13766665588,medium,101.51,27.43,盐源县 [local]
tmpl_0154,"各位: 雅安芦山县工地活动板房发生山洪暴发, 有8个人被困, 急需抽水机, 手机18600001111",雅安芦山县 / 工地活动板房,有8个人,山洪暴发,急需抽水机 / 手机18600001111,medium,102.929,30.144,雅安芦山县 [local]
tmpl_0202,"九寨沟县情况通报: 房子被淹了, 有6个老人, 需要帐篷, 电话13512345678",九寨沟县,有6个老人,房子被淹了,需要帐篷 / 电话13512345678,medium,104.243,33.262,九寨沟县 [local]
seed_0013,"新疆乌什县发生地震,亚曼苏乡房屋倒塌,有4个孩子被困,需要救援设备和保暖衣物",新疆乌什县 / 亚曼苏乡,4个孩子,地震 / 房屋倒塌,救援设备 / 保暖衣物,emergency,79.225,41.215,新疆乌什县 [local]
tmpl_0156,"坐标宜宾长宁县, 菜市场顶楼火势很大, 有4个学生, 缺水缺粮, 联系13888887777",宜宾长宁县 / 菜市场顶楼,有4个学生,火势很大,缺水缺粮 / 联系13888887777,high,104.921,28.58,宜宾长宁县 [local]
tmpl_0124,"坐标北川县城, 工地活动板房堤坝决口, 我们一家五口, 需要救援人员, 手机13766665588",北川县城 / 工地活动板房,我们一家五口,堤坝决口,需要救援人员 / 手机13766665588,high,104.468,31.827,北川县城 [local]
tmpl_0183,"新乡牧野区楼板裂开了, 我们14个人, 急需抽水机, 麻烦有关部门关注, 联系15900001234",新乡牧野区,我们14个人,楼板裂开了,急需抽水机 / 联系15900001234,medium,113.917,35.316,新乡牧野区 [local]
tmpl_0110,"SOS! 大理漾濞县学校教学楼, 起大火了, 有20多个居民, 已经撑不住了, 需要救援人员, 电话13512345678",大理漾濞县 / 学校教学楼,有20多个居民,起大火了,需要救援人员 / 电话13512345678,emergency,99.958,25.67,大理漾濞县 [local]
tmpl_0220,"坐标宜宾长宁县, 学校教学楼泥石流冲下来, 有老人和小孩共12人, 需要食物, 联系13888887777",宜宾长宁县 / 学校教学楼,有老人和小孩共12人,泥石流冲下来,需要食物 / 联系13888887777,high,104.921,28.58,宜宾长宁县 [local]
tmpl_0120,"凉山木里县这边台风吹倒树, 有一位孕妇, 缺少干净水源, 请转发帮助, 电话13512345678",凉山木里县,有一位孕妇,台风吹倒树,缺少干净水源 / 电话13512345678,high,101.28,27.829,凉山木里县 [local]
seed_0031,"紧急!厦门翔安区,超强台风,新店镇活动板房被掀翻,有8名工人被困,急需安置点,电话13900003333",厦门翔安区 / 新店镇,8名工人,超强台风 / 活动板房被掀翻,安置点 / 电话13900003333,emergency,118.246,24.551,厦门翔安区 [local]
tmpl_0103,"麻烦扩散: 温州永嘉县地下车库发生通讯断了, 我们一家五口, 需要保暖衣物, 联系13888887777",温州永嘉县 / 地下车库,我们一家五口,通讯断了,需要保暖衣物 / 联系13888887777,high,120.69,28.15,温州永嘉县 [local]
tmpl_0055,"SOS! 青海玉树幼儿园一楼, 天花板掉下来, 有3个人, 已经撑不住了, 需要棉被过夜, 手机13766665588",青海玉树 / 幼儿园一楼,有3个人,天花板掉下来,需要棉被过夜 / 手机13766665588,emergency,97.008,33.004,青海玉树 [local]
seed_0051,"甘肃陇南,文县发生泥石流,碧口镇有被困群众30余人,急需饮用水和食品,联系13700008888",甘肃陇南 / 文县 / 碧口镇,被困群众30余人,泥石流,饮用水 / 食品 / 联系13700008888,high,105.18,32.7,碧口镇 [local]
tmpl_0070,"SOS! 余姚市厂房宿舍, 河水倒灌, 有6个老人, 已经撑不住了, 需要干净的水, 手机13766665588",余姚市 / 厂房宿舍,有6个老人,河水倒灌,需要干净的水 / 手机13766665588,emergency,121.154,30.04,余姚市 [local]
tmpl_0064,"#紧急求救# 北川县城附近山体滑坡, 有6个老人被困工地活动板房, 需要发电机, 手机13766665588",北川县城 / 工地活动板房,有6个老人,山体滑坡,需要发电机 / 手机13766665588,emergency,104.468,31.827,北川县城 [local]
seed_0004,"九寨沟漳扎镇,景区出口附近山体滑坡,有两位游客受伤,需要抗生素和绷带,手机13512345678",九寨沟漳扎镇 / 景区出口,两位游客,山体滑坡,抗生素 / 绷带 / 手机13512345678,high,104.18,33.215,九寨沟漳扎镇 [local]
tmpl_0186,"求助: 青海玉树幼儿园一楼, 地震了, 有20多个居民, 急需抽水机, 联系13888887777",青海玉树 / 幼儿园一楼,有20多个居民,地震了,急需抽水机 / 联系13888887777,high,97.008,33.004,青海玉树 [local]
tmpl_0119,"紧急求助!! 我们在九寨沟县幼儿园一楼, 天花板掉下来, 有5个被困群众, 需要发电机, 联系15900001234",九寨沟县 / 幼儿园一楼,有5个被困群众,天花板掉下来,需要发电机 / 联系15900001234,emergency,104.243,33.262,九寨沟县 [local]
tmpl_0203,"北京门头沟区天花板掉下来, 有3个人, 需要干净的水, 麻烦有关部门关注, 手机18600001111",北京门头沟区,有3个人,天花板掉下来,需要干净的水 / 手机18600001111,medium,116.101,39.94,北京门头沟区 [local]
tmpl_0074,"求助: 鹤壁浚县顶楼, 停电了, 有老人和小孩共12人, 急需抽水机, 联系13888887777",鹤壁浚县 / 顶楼,有老人和小孩共12人,停电了,急需抽水机 / 联系13888887777,high,114.55,35.675,鹤壁浚县 [local]
seed_0056,"新疆伊犁,新源县发生6.6级地震,那拉提镇房屋受损,有8位老人需要帐篷和药品,手机13900004444",新疆伊犁 / 新源县 / 那拉提镇,8位老人,6.6级地震 / 房屋受损,帐篷 / 药品 / 手机13900004444,high,84.44,43.33,那拉提镇 [local]
seed_0019,"信阳固始县,淮河水位暴涨,陈集镇有6位老人困在房顶,需要救生艇,联系13800004444",信阳固始县 / 淮河 / 陈集镇,6位老人,水位暴涨,救生艇 / 联系13800004444,emergency,115.654,32.169,信阳固始县 [local]
seed_0066,"湖北武汉,黄陂区滠水河溃堤,有村民被困,急需救援队和船只,电话13700005678",湖北武汉 / 黄陂区滠水河,村民,溃堤,救援队 / 船只 / 电话13700005678,emergency,114.38,30.88,黄陂区 [local]
tmpl_0092,"坐标余姚市, 学校教学楼房子被淹了, 有5个被困群众, 需要棉被过夜, 电话13512345678",余姚市 / 学校教学楼,有5个被困群众,房子被淹了,需要棉被过夜 / 电话13512345678,high,121.154,30.04,余姚市 [local]
tmpl_0208,"急!!! 北川县城方向楼板裂开了, 我们一家五口困在厂房宿舍里, 求救船只, 手机18600001111",北川县城 / 厂房宿舍,我们一家五口,楼板裂开了,求救船只 / 手机18600001111,emergency,104.468,31.827,北川县城 [local]
tmpl_0052,"邢台隆尧县这边房子被淹了, 有两个受伤的老人, 求救船只, 请转发帮助, 手机13766665588",邢台隆尧县,有两个受伤的老人,房子被淹了,求救船只 / 手机13766665588,high,114.77,37.35,邢台隆尧县 [local]
tmpl_0030,"求助: 雅安芦山县小区地下负一层, 房子塌了, 有老人和小孩共12人, 需要食物, 电话13900001234",雅安芦山县 / 小区地下负一层,有老人和小孩共12人,房子塌了,需要食物 / 电话13900001234,high,102.929,30.144,雅安芦山县 [local]
tmpl_0197,"麻烦扩散: 雅安芦山县厂房宿舍发生楼板裂开了, 我们14个人, 需要食物, 电话13900001234",雅安芦山县 / 厂房宿舍,我们14个人,楼板裂开了,需要食物 / 电话13900001234,high,102.929,30.144,雅安芦山县 [local]
tmpl_0058,"各位: 青海玉树厂房宿舍发生堤坝决口, 我们14个人被困, 缺水缺粮, 联系13888887777",青海玉树 / 厂房宿舍,我们14个人,堤坝决口,缺水缺粮 / 联系13888887777,medium,97.008,33.004,青海玉树 [local]
tmpl_0176,"十万火急! 九寨沟县顶楼山体滑坡, 有老人和小孩共12人, 现在很危险, 缺少干净水源, 联系15900001234",九寨沟县 / 顶楼,有老人和小孩共12人,山体滑坡,缺少干净水源 / 联系15900001234,emergency,104.243,33.262,九寨沟县 [local]
seed_0067,"山东烟台,莱州市海水倒灌,有三万户停电,有老人需要吸氧设备,联系13900006789",山东烟台 / 莱州市,老人,海水倒灌 / 停电,吸氧设备 / 联系13900006789,emergency,119.942,37.176,莱州市 [local]
tmpl_0024,"盐源县余震不断, 有3个人, 需要食物, 麻烦有关部门关注, 手机13766665588",盐源县,有3个人,余震不断,需要食物 / 手机13766665588,medium,101.51,27.43,盐源县 [local]
tmpl_0146,"坐标大理漾濞县, 村委会二楼天花板掉下来, 有4个学生, 求救船只, 手机13766665588",大理漾濞县 / 村委会二楼,有4个学生,天花板掉下来,求救船只 / 手机13766665588,high,99.958,25.67,大理漾濞县 [local]
tmpl_0003,"急!!! 北京门头沟区方向地震了, 有两个受伤的老人困在卫生院3楼里, 需要帐篷, 手机18600001111",北京门头沟区 / 卫生院3楼,有两个受伤的老人,地震了,需要帐篷 / 手机18600001111,emergency,116.101,39.94,北京门头沟区 [local]
seed_0048,"山东青岛,黄岛区化工厂爆炸,周边居民需要紧急疏散,有10人受伤,需要救护车,联系13900005555",山东青岛 / 黄岛区,周边居民 / 10人受伤,化工厂爆炸,紧急疏散 / 救护车 / 联系13900005555,emergency,120.197,35.961,黄岛区 [local]
tmpl_0209,"麻烦扩散: 温州永嘉县地下车库发生房子被淹了, 有老人和小孩共12人, 急需抽水机, 联系15900001234",温州永嘉县 / 地下车库,有老人和小孩共12人,房子被淹了,急需抽水机 / 联系15900001234,high,120.69,28.15,温州永嘉县 [local]
tmpl_0181,"#紧急求救# 新乡牧野区附近山体滑坡, 我们14个人被困地下车库, 需要棉被过夜, 电话13512345678",新乡牧野区 / 地下车库,我们14个人,山体滑坡,需要棉被过夜 / 电话13512345678,emergency,113.917,35.316,新乡牧野区 [local]
seed_0007,"大理漾濞县苍山西镇,地震后路面开裂严重,我们一辆车10个人被困路上,缺饮用水,联系18600001111",大理漾濞县苍山西镇,一辆车10个人,地震 / 路面开裂严重,缺饮用水 / 联系18600001111,high,99.955,25.678,漾濞县苍山西镇 [local]
tmpl_0109,"坐标邢台隆尧县, 菜市场顶楼通讯断了, 有20多个居民, 求救船只, 联系15900001234",邢台隆尧县 / 菜市场顶楼,有20多个居民,通讯断了,求救船只 / 联系15900001234,high,114.77,37.35,邢台隆尧县 [local]
tmpl_0044,"求助: 北京门头沟区幼儿园一楼, 楼板裂开了, 有4个学生, 急需抗生素, 联系15900001234",北京门头沟区 / 幼儿园一楼,有4个学生,楼板裂开了,急需抗生素 / 联系15900001234,high,116.101,39.94,北京门头沟区 [local]
seed_0018,"鹤壁浚县卫贤镇,洪水漫过堤坝,村里20多户被困二楼,缺干净水和食物,电话13700003333",鹤壁浚县卫贤镇,20多户,洪水漫过 / 堤坝,干净水 / 食物 / 电话13700003333,high,114.46,35.62,浚县卫贤镇 [local]
tmpl_0210,"救命! 舟曲县城学校教学楼, 通讯断了, 有一位孕妇, 急需担架, 手机18600001111",舟曲县城 / 学校教学楼,有一位孕妇,通讯断了,急需担架 / 手机18600001111,emergency,104.371,33.79,舟曲县城 [local]
tmpl_0035,"报平安: 鹤壁浚县顶楼, 积水2米深, 有老人和小孩共12人, 急需担架, 电话13512345678",鹤壁浚县 / 顶楼,有老人和小孩共12人,积水2米深,急需担架 / 电话13512345678,medium,114.55,35.675,鹤壁浚县 [local]
tmpl_0150,"十万火急! 汶川映秀镇顶楼泥石流冲下来, 有4个学生, 现在很危险, 需要棉被过夜, 手机18600001111",汶川映秀镇 / 顶楼,有4个学生,泥石流冲下来,需要棉被过夜 / 手机18600001111,emergency,103.485,31.006,汶川映秀镇 [local]
tmpl_0151,"#紧急求救# 盐源县附近路被堵死, 有几十个村民被困地下车库, 需要发电机, 手机18600001111",盐源县 / 地下车库,有几十个村民,路被堵死,需要发电机 / 手机18600001111,emergency,101.51,27.43,盐源县 [local]
tmpl_0128,"@救援队 舟曲县城学校教学楼地面塌陷, 有8个人, 求救船只, 手机18600001111",救援队 / 舟曲县城 / 学校教学楼,有8个人,地面塌陷,求救船只 / 手机18600001111,high,104.371,33.79,舟曲县城 [local]
seed_0054,"浙江杭州,富阳区突发山体滑坡,大源镇有5人失联,需要救援队连夜搜救,电话13800002222",浙江杭州 / 富阳区 / 大源镇,5人,山体滑坡 / 失联,救援队 / 电话13800002222,emergency,119.95,30.05,富阳区 [local]
seed_0068,"云南昭通,镇雄县山体滑坡,塘房镇有被困群众40多人,需要挖掘机和救援,电话13800007890",云南昭通 / 镇雄县 / 塘房镇,被困群众40多人,山体滑坡,挖掘机 / 救援 / 电话13800007890,emergency,104.873,27.441,镇雄县 [local]
tmpl_0134,"SOS! 九寨沟县养老院二楼, 河水倒灌, 有20多个居民, 已经撑不住了, 需要发电机, 手机18600001111",九寨沟县 / 养老院二楼,有20多个居民,河水倒灌,需要发电机 / 手机18600001111,emergency,104.243,33.262,九寨沟县 [local]
tmpl_0182,"河北涿州附近路被堵死, 村委会二楼里有有3个人, 急需饮用水, 手机13766665588",河北涿州 / 村委会二楼,有3个人,路被堵死,急需饮用水 / 手机13766665588,high,115.981,39.486,河北涿州 [local]
tmpl_0152,"各位: 大理漾濞县养老院二楼发生台风吹倒树, 有20多个居民被困, 急需抗生素, 手机18600001111",大理漾濞县 / 养老院二楼,有20多个居民,台风吹倒树,急需抗生素 / 手机18600001111,medium,99.958,25.67,大理漾濞县 [local]
tmpl_0125,"报平安: 邢台隆尧县幼儿园一楼, 堤坝决口, 有两位腿脚不便的老人, 急需药品, 手机18600001111",邢台隆尧县 / 幼儿园一楼,有两位腿脚不便的老人,堤坝决口,急需药品 / 手机18600001111,medium,114.77,37.35,邢台隆尧县 [local]
tmpl_0136,"十万火急! 凉山木里县养老院二楼地震了, 我一家三口, 现在很危险, 需要棉被过夜, 联系15900001234",凉山木里县 / 养老院二楼,我一家三口,地震了,需要棉被过夜 / 联系15900001234,emergency,101.28,27.829,凉山木里县 [local]
tmpl_0051,"各位: 大理漾濞县村委会二楼发生泥石流冲下来, 我们一家五口被困, 急需药品, 联系15900001234",大理漾濞县 / 村委会二楼,我们一家五口,泥石流冲下来,急需药品 / 联系15900001234,medium,99.958,25.67,大理漾濞县 [local]
tmpl_0138,"求助: 新乡牧野区养老院二楼, 房子被淹了, 有两个受伤的老人, 缺水缺粮, 手机13766665588",新乡牧野区 / 养老院二楼,有两个受伤的老人,房子被淹了,缺水缺粮 / 手机13766665588,high,113.917,35.316,新乡牧野区 [local]
tmpl_0027,"急!!! 温州永嘉县方向积水2米深, 有两位腿脚不便的老人困在工地活动板房里, 急需担架, 手机18600001111",温州永嘉县 / 工地活动板房,有两位腿脚不便的老人,积水2米深,急需担架 / 手机18600001111,emergency,120.69,28.15,温州永嘉县 [local]
tmpl_0093,"求转发: 汶川映秀镇卫生院3楼天花板掉下来, 有3个人, 需要保暖衣物, 联系13888887777",汶川映秀镇 / 卫生院3楼,有3个人,天花板掉下来,需要保暖衣物 / 联系13888887777,medium,103.485,31.006,汶川映秀镇 [local]
tmpl_0053,"十万火急! 信阳固始县卫生院3楼房子塌了, 有3个人, 现在很危险, 需要保暖衣物, 联系13888887777",信阳固始县 / 卫生院3楼,有3个人,房子塌了,需要保暖衣物 / 联系13888887777,emergency,115.654,32.169,信阳固始县 [local]
tmpl_0105,"十万火急! 盐源县学校教学楼河水倒灌, 有一位孕妇, 现在很危险, 需要帐篷, 手机13766665588",盐源县 / 学校教学楼,有一位孕妇,河水倒灌,需要帐篷 / 手机13766665588,emergency,101.51,27.43,盐源县 [local]
seed_0062,"黑龙江哈尔滨,松北区龙凤山体滑坡,有6人被困,需要救援设备,手机13900001234",黑龙江哈尔滨 / 松北区龙凤,6人,山体滑坡,救援设备 / 手机13900001234,emergency,126.642,45.756,哈尔滨 [local]
seed_0060,"四川甘孜,雅江县森林火灾,有扑火队员被困,急需直升机支援,电话13800008888",四川甘孜 / 雅江县,扑火队员,森林火灾,直升机 / 电话13800008888,emergency,101.015,30.031,雅江县 [local]
tmpl_0047,"@救援队 九寨沟县学校教学楼楼板裂开了, 有两个受伤的老人, 需要帐篷, 联系15900001234",救援队 / 九寨沟县 / 学校教学楼,有两个受伤的老人,楼板裂开了,需要帐篷 / 联系15900001234,high,104.243,33.262,九寨沟县 [local]
tmpl_0145,"@救援队 丽江宁蒗县菜市场顶楼余震不断, 我们14个人, 缺水缺粮, 电话13512345678",救援队 / 丽江宁蒗县 / 菜市场顶楼,我们14个人,余震不断,缺水缺粮 / 电话13512345678,high,100.851,27.285,丽江宁蒗县 [local]
tmpl_0046,"坐标厦门翔安区, 3楼起大火了, 有两位腿脚不便的老人, 急需抽水机, 电话13900001234",厦门翔安区 / 3楼,有两位腿脚不便的老人,起大火了,急需抽水机 / 电话13900001234,high,118.246,24.551,厦门翔安区 [local]
seed_0061,"福建龙岩,上杭县暴雨成灾,有10多户村民被困,急需食物和饮用水,联系13700009999",福建龙岩 / 上杭县,10多户村民,暴雨成灾,食物 / 饮用水 / 联系13700009999,medium,116.421,25.049,上杭县 [local]
tmpl_0155,"求转发: 郑州京广路隧道小区地下负一层停电了, 有两位腿脚不便的老人, 急需饮用水, 电话13900001234",郑州京广路隧道 / 小区地下负一层,有两位腿脚不便的老人,停电了,急需饮用水 / 电话13900001234,medium,113.64,34.748,郑州京广路隧道 [local]
tmpl_0038,"郑州京广路隧道这边山洪暴发, 有一位孕妇, 暂时安全但求救船只, 联系13888887777",郑州京广路隧道,有一位孕妇,山洪暴发,求救船只 / 联系13888887777,medium,113.64,34.748,郑州京广路隧道 [local]
seed_0012,"SOS!四川甘孜泸定县,地震引发山体崩塌,磨西镇有被困群众15人,缺水和药品,电话13900007788",四川甘孜泸定县 / 磨西镇,被困群众15人,地震 / 山体崩塌,缺水和 / 药品 / 电话13900007788,emergency,102.234,29.914,甘孜泸定县 [local]
tmpl_0160,"雅安芦山县这边地面塌陷, 有20多个居民, 需要干净的水, 请转发帮助, 手机13766665588",雅安芦山县,有20多个居民,地面塌陷,需要干净的水 / 手机13766665588,high,102.929,30.144,雅安芦山县 [local]
seed_0043,"四川茂县,叠溪镇新磨村山体垮塌,有60多人失联,需要大规模救援,手机13800008888",四川茂县 / 叠溪镇新磨村,60多人,山体垮塌 / 失联,大规模救援 / 手机13800008888,emergency,103.853,31.68,四川茂县 [local]
tmpl_0194,"SOS! 九寨沟县厂房宿舍, 天花板掉下来, 有几十个村民, 已经撑不住了, 需要棉被过夜, 联系13888887777",九寨沟县 / 厂房宿舍,有几十个村民,天花板掉下来,需要棉被过夜 / 联系13888887777,emergency,104.243,33.262,九寨沟县 [local]
seed_0042,"湖北宜昌,长阳县山洪暴发,鸭子口乡有村民被困,急需救援,电话13900007777",湖北宜昌 / 长阳县 / 鸭子口乡,村民,山洪暴发,救援 / 电话13900007777,emergency,111.09,30.54,鸭子口乡 [local]
tmpl_0090,"十万火急! 丽江宁蒗县卫生院3楼通讯断了, 我一家三口, 现在很危险, 急需饮用水, 电话13900001234",丽江宁蒗县 / 卫生院3楼,我一家三口,通讯断了,急需饮用水 / 电话13900001234,emergency,100.851,27.285,丽江宁蒗县 [local]
tmpl_0112,"各位: 郑州京广路隧道学校教学楼发生积水2米深, 有老人和小孩共12人被困, 需要救援人员, 电话13512345678",郑州京广路隧道 / 学校教学楼,有老人和小孩共12人,积水2米深,需要救援人员 / 电话13512345678,medium,113.64,34.748,郑州京广路隧道 [local]
tmpl_0133,"求转发: 河北涿州厂房宿舍余震不断, 有8个人, 求救船只, 手机13766665588",河北涿州 / 厂房宿舍,有8个人,余震不断,求救船只 / 手机13766665588,medium,115.981,39.486,河北涿州 [local]
tmpl_0149,"求助: 青海玉树养老院二楼, 墙体倾斜, 有6个老人, 需要保暖衣物, 电话13900001234",青海玉树 / 养老院二楼,有6个老人,墙体倾斜,需要保暖衣物 / 电话13900001234,high,97.008,33.004,青海玉树 [local]
seed_0010,"唐山滦州市,小震不断,养老院二楼有8位老人,墙裂了,急需转移,联系13800005678",唐山滦州市 / 养老院二楼,8位老人,小震不断 / 墙裂了,转移 / 联系13800005678,high,118.704,39.824,唐山滦州市 [local]
tmpl_0107,"十万火急! 珠海香洲区养老院二楼天花板掉下来, 有5个被困群众, 现在很危险, 需要帐篷, 手机18600001111",珠海香洲区 / 养老院二楼,有5个被困群众,天花板掉下来,需要帐篷 / 手机18600001111,emergency,113.54,22.266,珠海香洲区 [local]
tmpl_0071,"求助: 舟曲县城幼儿园一楼, 停电了, 有老人和小孩共12人, 需要发电机, 联系15900001234",舟曲县城 / 幼儿园一楼,有老人和小孩共12人,停电了,需要发电机 / 联系15900001234,high,104.371,33.79,舟曲县城 [local]
tmpl_0167,"十万火急! 北川县城地下车库通讯断了, 有20多个居民, 现在很危险, 需要救援人员, 联系13888887777",北川县城 / 地下车库,有20多个居民,通讯断了,需要救援人员 / 联系13888887777,emergency,104.468,31.827,北川县城 [local]
seed_0026,"福建福清市,龙江洪水,海口镇有村民被困养殖场,需要救生艇,电话13900008888",福建福清市 / 龙江 / 海口镇 / 养殖,村民,洪水,救生艇 / 电话13900008888,high,119.389,25.725,福建福清市 [local]
tmpl_0008,"丽江宁蒗县情况通报: 积水2米深, 有几十个村民, 需要食物, 电话13900001234",丽江宁蒗县,有几十个村民,积水2米深,需要食物 / 电话13900001234,medium,100.851,27.285,丽江宁蒗县 [local]
tmpl_0196,"坐标温州永嘉县, 顶楼起大火了, 我一家三口, 急需药品, 手机13766665588",温州永嘉县 / 顶楼,我一家三口,起大火了,急需药品 / 手机13766665588,high,120.69,28.15,温州永嘉县 [local]
tmpl_0201,"青海玉树这边余震不断, 有老人和小孩共12人, 需要棉被过夜, 请转发帮助, 电话13900001234",青海玉树,有老人和小孩共12人,余震不断,需要棉被过夜 / 电话13900001234,high,97.008,33.004,青海玉树 [local]
seed_0036,"福建宁德,台风海葵,霞浦县渔排受损,有渔民5人困在海上,需要救援船只,手机13900008888",福建宁德 / 霞浦县,渔民5人,台风海葵 / 渔排受损,救援船只 / 手机13900008888,emergency,120.005,26.885,霞浦县 [local]
seed_0058,"云南红河,元阳县山体塌方,有6位村民被困田间,需要救援,联系13700006666",云南红河 / 元阳县,6位村民,山体塌方,救援 / 联系13700006666,high,102.835,23.222,元阳县 [local]
seed_0050,"求扩!河南卫辉市,顿坊店乡全村被淹,有80岁老人和2岁孩子困在房顶,急需船只,电话13800007777",河南卫辉市 / 顿坊店乡,80岁老人和2岁孩子,全村被淹,急需 / 船只 / 电话13800007777,emergency,114.02,35.47,顿坊店乡 [local]
tmpl_0057,"紧急求助!! 我们在邢台隆尧县厂房宿舍, 山体滑坡, 有20多个居民, 急需抽水机, 联系15900001234",邢台隆尧县 / 厂房宿舍,有20多个居民,山体滑坡,急需抽水机 / 联系15900001234,emergency,114.77,37.35,邢台隆尧县 [local]
tmpl_0214,"雅安芦山县情况通报: 台风吹倒树, 我们14个人, 需要救援人员, 电话13900001234",雅安芦山县,我们14个人,台风吹倒树,需要救援人员 / 电话13900001234,medium,102.929,30.144,雅安芦山县 [local]
seed_0055,"辽宁沈阳,沈北新区遭遇暴雪,有司机3人在高速被困12小时,需要食物和御寒物资,联系13700003333",辽宁沈阳 / 沈北新区,司机3人,暴雪 / 被困12小时,食物 / 御寒物资 / 联系13700003333,high,123.43,41.92,沈北新区 [local]
tmpl_0191,"麻烦扩散: 厦门翔安区幼儿园一楼发生楼板裂开了, 有两位腿脚不便的老人, 需要食物, 手机13766665588",厦门翔安区 / 幼儿园一楼,有两位腿脚不便的老人,楼板裂开了,需要食物 / 手机13766665588,high,118.246,24.551,厦门翔安区 [local]
tmpl_0116,"救命! 丽江宁蒗县小区地下负一层, 停电了, 有一位孕妇, 求救船只, 电话13512345678",丽江宁蒗县 / 小区地下负一层,有一位孕妇,停电了,求救船只 / 电话13512345678,emergency,100.851,27.285,丽江宁蒗县 [local]
tmpl_0132,"紧急求助!! 我们在珠海香洲区顶楼, 墙体倾斜, 我一家三口, 求救船只, 手机13766665588",珠海香洲区 / 顶楼,我一家三口,墙体倾斜,求救船只 / 手机13766665588,emergency,113.54,22.266,珠海香洲区 [local]
seed_0005,"青海玉树结古镇,余震不断,我和我妈被困在二楼,家里没水没电,求救!电话15900001234",青海玉树结古镇,我和我妈,余震不断,没水 / 没电 / 电话15900001234,emergency,97.013,33.009,玉树结古镇 [local]
tmpl_0025,"紧急求助!! 我们在丽江宁蒗县地下车库, 楼板裂开了, 有8个人, 需要救援人员, 电话13512345678",丽江宁蒗县 / 地下车库,有8个人,楼板裂开了,需要救援人员 / 电话13512345678,emergency,100.851,27.285,丽江宁蒗县 [local]
tmpl_0063,"急!!! 余姚市方向天花板掉下来, 有20多个居民困在学校教学楼里, 急需饮用水, 电话13900001234",余姚市 / 学校教学楼,有20多个居民,天花板掉下来,急需饮用水 / 电话13900001234,emergency,121.154,30.04,余姚市 [local]
tmpl_0041,"大理漾濞县房子塌了, 有几十个村民, 需要保暖衣物, 麻烦有关部门关注, 电话13900001234",大理漾濞县,有几十个村民,房子塌了,需要保暖衣物 / 电话13900001234,medium,99.958,25.67,大理漾濞县 [local]
tmpl_0108,"麻烦扩散: 厦门翔安区厂房宿舍发生地震了, 有8个人, 急需药品, 联系13888887777",厦门翔安区 / 厂房宿舍,有8个人,地震了,急需药品 / 联系13888887777,high,118.246,24.551,厦门翔安区 [local]
tmpl_0143,"紧急求助!! 我们在北京门头沟区地下车库, 墙体倾斜, 有几十个村民, 缺少干净水源, 联系13888887777",北京门头沟区 / 地下车库,有几十个村民,墙体倾斜,缺少干净水源 / 联系13888887777,emergency,116.101,39.94,北京门头沟区 [local]
seed_0024,"温州永嘉县,楠溪江流域暴雨,瓯北街道10多户被困,缺食物和饮用水,电话13988889999",温州永嘉县 / 楠溪江流域 / 瓯北街道,10多户,暴雨,食物 / 饮用水 / 电话13988889999,high,120.69,28.15,温州永嘉县 [local]
tmpl_0206,"报平安: 凉山木里县小区地下负一层, 积水2米深, 有4个学生, 需要发电机, 电话13512345678",凉山木里县 / 小区地下负一层,有4个学生,积水2米深,需要发电机 / 电话13512345678,medium,101.28,27.829,凉山木里县 [local]
tmpl_0104,"十万火急! 鹤壁浚县厂房宿舍地面塌陷, 有6个老人, 现在很危险, 需要干净的水, 手机18600001111",鹤壁浚县 / 厂房宿舍,有6个老人,地面塌陷,需要干净的水 / 手机18600001111,emergency,114.55,35.675,鹤壁浚县 [local]
seed_0033,"广东湛江,台风山竹,徐闻县房屋受损严重,有十几位村民需要帐篷,手机13700005555",广东湛江 / 徐闻县,十几位村民,台风山竹 / 房屋受损严重,帐篷 / 手机13700005555,high,110.176,20.326,徐闻县 [local]
tmpl_0207,"#紧急求救# 盐源县附近通讯断了, 有6个老人被困顶楼, 需要食物, 电话13900001234",盐源县 / 顶楼,有6个老人,通讯断了,需要食物 / 电话13900001234,emergency,101.51,27.43,盐源县 [local]
tmpl_0097,"舟曲县城这边山体滑坡, 有6个老人, 急需饮用水, 请转发帮助, 手机13766665588",舟曲县城,有6个老人,山体滑坡,急需饮用水 / 手机13766665588,high,104.371,33.79,舟曲县城 [local]
tmpl_0029,"紧急求助!! 我们在雅安芦山县村委会二楼, 起大火了, 有3个人, 需要干净的水, 联系15900001234",雅安芦山县 / 村委会二楼,有3个人,起大火了,需要干净的水 / 联系15900001234,emergency,102.929,30.144,雅安芦山县 [local]
tmpl_0076,"丽江宁蒗县附近积水2米深, 养老院二楼里有有几十个村民, 需要救援人员, 电话13512345678",丽江宁蒗县 / 养老院二楼,有几十个村民,积水2米深,需要救援人员 / 电话13512345678,high,100.851,27.285,丽江宁蒗县 [local]
tmpl_0123,"急!!! 雅安芦山县方向河水倒灌, 有3个人困在工地活动板房里, 需要发电机, 电话13512345678",雅安芦山县 / 工地活动板房,有3个人,河水倒灌,需要发电机 / 电话13512345678,emergency,102.929,30.144,雅安芦山县 [local]
tmpl_0168,"温州永嘉县情况通报: 河水倒灌, 有老人和小孩共12人, 缺水缺粮, 联系15900001234",温州永嘉县,有老人和小孩共12人,河水倒灌,缺水缺粮 / 联系15900001234,medium,120.69,28.15,温州永嘉县 [local]
tmpl_0213,"余姚市这边天花板掉下来, 有几十个村民, 需要帐篷, 请转发帮助, 联系15900001234",余姚市,有几十个村民,天花板掉下来,需要帐篷 / 联系15900001234,high,121.154,30.04,余姚市 [local]
tmpl_0085,"麻烦扩散: 北川县城幼儿园一楼发生积水2米深, 我们14个人, 需要发电机, 电话13512345678",北川县城 / 幼儿园一楼,我们14个人,积水2米深,需要发电机 / 电话13512345678,high,104.468,31.827,北川县城 [local]
seed_0034,"海南文昌,台风摩羯,龙楼镇停电停水,有老人需要紧急医疗,联系13900006666",海南文昌 / 龙楼镇,老人,台风摩羯 / 停电 / 停水,紧急医疗 / 联系13900006666,emergency,110.95,19.67,龙楼镇 [local]
tmpl_0033,"救命! 邢台隆尧县养老院二楼, 山洪暴发, 有20多个居民, 需要发电机, 电话13512345678",邢台隆尧县 / 养老院二楼,有20多个居民,山洪暴发,需要发电机 / 电话13512345678,emergency,114.77,37.35,邢台隆尧县 [local]
tmpl_0126,"温州永嘉县这边山体滑坡, 有两个受伤的老人, 需要帐篷, 请转发帮助, 手机18600001111",温州永嘉县,有两个受伤的老人,山体滑坡,需要帐篷 / 手机18600001111,high,120.69,28.15,温州永嘉县 [local]
tmpl_0111,"紧急求助!! 我们在九寨沟县菜市场顶楼, 积水2米深, 有20多个居民, 需要食物, 手机18600001111",九寨沟县 / 菜市场顶楼,有20多个居民,积水2米深,需要食物 / 手机18600001111,emergency,104.243,33.262,九寨沟县 [local]
tmpl_0100,"十万火急! 邢台隆尧县小区地下负一层火势很大, 有8个人, 现在很危险, 急需担架, 手机18600001111",邢台隆尧县 / 小区地下负一层,有8个人,火势很大,急需担架 / 手机18600001111,emergency,114.77,37.35,邢台隆尧县 [local]
tmpl_0012,"厦门翔安区这边台风吹倒树, 我们一家五口, 缺少干净水源, 请转发帮助, 手机18600001111",厦门翔安区,我们一家五口,台风吹倒树,缺少干净水源 / 手机18600001111,high,118.246,24.551,厦门翔安区 [local]
tmpl_0022,"凉山木里县这边山体滑坡, 我们14个人, 暂时安全但急需抗生素, 手机13766665588",凉山木里县,我们14个人,山体滑坡,急需抗生素 / 手机13766665588,medium,101.28,27.829,凉山木里县 [local]
seed_0037,"浙江温州,台风杜苏芮,永嘉县山区发生泥石流,有6人被困,急需救援,电话13500009999",浙江温州 / 永嘉县山区,6人,台风杜苏芮 / 泥石流,救援 / 电话13500009999,emergency,120.69,28.15,温州永嘉县 [local]
tmpl_0102,"麻烦扩散: 郑州京广路隧道菜市场顶楼发生墙体倾斜, 我一家三口, 急需药品, 联系15900001234",郑州京广路隧道 / 菜市场顶楼,我一家三口,墙体倾斜,急需药品 / 联系15900001234,high,113.64,34.748,郑州京广路隧道 [local]
tmpl_0082,"急!!! 珠海香洲区方向堤坝决口, 我们一家五口困在工地活动板房里, 求救船只, 电话13900001234",珠海香洲区 / 工地活动板房,我们一家五口,堤坝决口,求救船只 / 电话13900001234,emergency,113.54,22.266,珠海香洲区 [local]
seed_0021,"邢台隆尧县,滏阳河倒灌,小马村积水1.5米,有8人被困屋顶,需要救援,电话13600005555",邢台隆尧县 / 滏阳河 / 小马村,8人,倒灌 / 积水1.5米,救援 / 电话13600005555,high,114.77,37.35,邢台隆尧县 [local]
tmpl_0142,"坐标温州永嘉县, 菜市场顶楼余震不断, 有一位孕妇, 需要帐篷, 电话13512345678",温州永嘉县 / 菜市场顶楼,有一位孕妇,余震不断,需要帐篷 / 电话13512345678,high,120.69,28.15,温州永嘉县 [local]
tmpl_0177,"#紧急求救# 邢台隆尧县附近天花板掉下来, 有4个学生被困工地活动板房, 需要干净的水, 手机18600001111",邢台隆尧县 / 工地活动板房,有4个学生,天花板掉下来,需要干净的水 / 手机18600001111,emergency,114.77,37.35,邢台隆尧县 [local]
tmpl_0180,"报平安: 邢台隆尧县小区地下负一层, 火势很大, 有两个受伤的老人, 缺少干净水源, 手机18600001111",邢台隆尧县 / 小区地下负一层,有两个受伤的老人,火势很大,缺少干净水源 / 手机18600001111,medium,114.77,37.35,邢台隆尧县 [local]
tmpl_0101,"十万火急! 珠海香洲区养老院二楼山体滑坡, 有4个学生, 现在很危险, 需要保暖衣物, 手机18600001111",珠海香洲区 / 养老院二楼,有4个学生,山体滑坡,需要保暖衣物 / 手机18600001111,emergency,113.54,22.266,珠海香洲区 [local]
tmpl_0118,"@救援队 河北涿州学校教学楼房子塌了, 有10多个人, 缺水缺粮, 联系15900001234",救援队 / 河北涿州 / 学校教学楼,有10多个人,房子塌了,缺水缺粮 / 联系15900001234,high,115.981,39.486,河北涿州 [local]
seed_0065,"安徽黄山,歙县暴雨引发内涝,有20多位老人被困养老院,急需船只和食物,手机13800004567",安徽黄山 / 歙县 / 养老院,20多位老人,暴雨 / 内涝,船只 / 食物 / 手机13800004567,emergency,118.337,29.715,黄山 [local]
tmpl_0153,"报平安: 北京门头沟区学校教学楼, 楼板裂开了, 有老人和小孩共12人, 急需抗生素, 手机18600001111",北京门头沟区 / 学校教学楼,有老人和小孩共12人,楼板裂开了,急需抗生素 / 手机18600001111,medium,116.101,39.94,北京门头沟区 [local]
tmpl_0031,"紧急求助!! 我们在信阳固始县工地活动板房, 余震不断, 有老人和小孩共12人, 急需担架, 联系13888887777",信阳固始县 / 工地活动板房,有老人和小孩共12人,余震不断,急需担架 / 联系13888887777,emergency,115.654,32.169,信阳固始县 [local]
tmpl_0148,"十万火急! 余姚市顶楼台风吹倒树, 我一家三口, 现在很危险, 急需抽水机, 手机18600001111",余姚市 / 顶楼,我一家三口,台风吹倒树,急需抽水机 / 手机18600001111,emergency,121.154,30.04,余姚市 [local]
tmpl_0075,"紧急求助!! 我们在珠海香洲区养老院二楼, 路被堵死, 我们14个人, 急需抽水机, 电话13900001234",珠海香洲区 / 养老院二楼,我们14个人,路被堵死,急需抽水机 / 电话13900001234,emergency,113.54,22.266,珠海香洲区 [local]
seed_0025,"珠海香洲区,台风加暴雨,南屏镇低洼处积水严重,有老人困在家中,需要救援人员,联系13655556666",珠海香洲区 / 南屏镇,老人,台风 / 暴雨 / 低洼 / 积水严重,救援人员 / 联系13655556666,high,113.54,22.266,珠海香洲区 [local]
tmpl_0017,"紧急求助!! 我们在凉山木里县地下车库, 余震不断, 有8个人, 急需抽水机, 电话13900001234",凉山木里县 / 地下车库,有8个人,余震不断,急需抽水机 / 电话13900001234,emergency,101.28,27.829,凉山木里县 [local]
seed_0017,"新乡牧野区和平路,地下室进水,有10多个居民被困负一楼,急需抽水机和船只,手机13800002222",新乡牧野区和平路 / 负一楼,10多个居民,进水,抽水机 / 船只 / 手机13800002222,emergency,113.92,35.31,牧野区和平路 [local]
tmpl_0018,"紧急求助!! 我们在邢台隆尧县厂房宿舍, 山洪暴发, 有6个老人, 需要食物, 电话13512345678",邢台隆尧县 / 厂房宿舍,有6个老人,山洪暴发,需要食物 / 电话13512345678,emergency,114.77,37.35,邢台隆尧县 [local]
tmpl_0166,"青海玉树附近山体滑坡, 3楼里有有两位腿脚不便的老人, 急需抗生素, 手机18600001111",青海玉树 / 3楼,有两位腿脚不便的老人,山体滑坡,急需抗生素 / 手机18600001111,high,97.008,33.004,青海玉树 [local]
tmpl_0211,"十万火急! 北京门头沟区村委会二楼房子塌了, 有3个人, 现在很危险, 需要帐篷, 手机13766665588",北京门头沟区 / 村委会二楼,有3个人,房子塌了,需要帐篷 / 手机13766665588,emergency,116.101,39.94,北京门头沟区 [local]
tmpl_0135,"十万火急! 大理漾濞县学校教学楼房子塌了, 有一位孕妇, 现在很危险, 需要食物, 手机13766665588",大理漾濞县 / 学校教学楼,有一位孕妇,房子塌了,需要食物 / 手机13766665588,emergency,99.958,25.67,大理漾濞县 [local]
seed_0014,"台湾花莲县,6.4级强震,国盛社区大楼倾斜,有居民被困,急需救援,电话13800009988",台湾花莲县 / 国盛社区,居民,6.4级强震 / 大楼倾斜,救援 / 电话13800009988,emergency,121.601,23.987,台湾花莲县 [local]
tmpl_0086,"报平安: 丽江宁蒗县学校教学楼, 台风吹倒树, 有一位孕妇, 急需饮用水, 手机13766665588",丽江宁蒗县 / 学校教学楼,有一位孕妇,台风吹倒树,急需饮用水 / 手机13766665588,medium,100.851,27.285,丽江宁蒗县 [local]
tmpl_0106,"急!!! 信阳固始县方向天花板掉下来, 有3个人困在地下车库里, 急需担架, 联系13888887777",信阳固始县 / 地下车库,有3个人,天花板掉下来,急需担架 / 联系13888887777,emergency,115.654,32.169,信阳固始县 [local]
tmpl_0019,"麻烦扩散: 凉山木里县卫生院3楼发生房子被淹了, 有两个受伤的老人, 需要棉被过夜, 电话13900001234",凉山木里县 / 卫生院3楼,有两个受伤的老人,房子被淹了,需要棉被过夜 / 电话13900001234,high,101.28,27.829,凉山木里县 [local]
tmpl_0131,"丽江宁蒗县地震了, 有5个被困群众, 急需抗生素, 麻烦有关部门关注, 手机13766665588",丽江宁蒗县,有5个被困群众,地震了,急需抗生素 / 手机13766665588,medium,100.851,27.285,丽江宁蒗县 [local]
tmpl_0037,"九寨沟县房子塌了, 我一家三口, 急需担架, 麻烦有关部门关注, 电话13900001234",九寨沟县,我一家三口,房子塌了,急需担架 / 电话13900001234,medium,104.243,33.262,九寨沟县 [local]
tmpl_0032,"丽江宁蒗县余震不断, 有老人和小孩共12人, 急需抽水机, 麻烦有关部门关注, 电话13512345678",丽江宁蒗县,有老人和小孩共12人,余震不断,急需抽水机 / 电话13512345678,medium,100.851,27.285,丽江宁蒗县 [local]
tmpl_0005,"坐标信阳固始县, 地下车库泥石流冲下来, 有老人和小孩共12人, 急需抽水机, 手机13766665588",信阳固始县 / 地下车库,有老人和小孩共12人,泥石流冲下来,急需抽水机 / 手机13766665588,high,115.654,32.169,信阳固始县 [local]
tmpl_0028,"#紧急求救# 余姚市附近火势很大, 有一位孕妇被困养老院二楼, 缺少干净水源, 联系15900001234",余姚市 / 养老院二楼,有一位孕妇,火势很大,缺少干净水源 / 联系15900001234,emergency,121.154,30.04,余姚市 [local]
tmpl_0026,"青海玉树泥石流冲下来, 我一家三口, 求救船只, 麻烦有关部门关注, 联系15900001234",青海玉树,我一家三口,泥石流冲下来,求救船只 / 联系15900001234,medium,97.008,33.004,青海玉树 [local]
seed_0041,"贵州水城,山体滑坡,鸡场镇有20多栋房屋被埋,需要救援犬和挖掘机,手机13700006666",贵州水城 / 鸡场镇,,山体滑坡 / 房屋被埋,救援犬 / 挖掘机 / 手机13700006666,emergency,104.7,26.5,鸡场镇 [local]
tmpl_0089,"郑州京广路隧道附近地面塌陷, 菜市场顶楼里有有两位腿脚不便的老人, 缺水缺粮, 联系15900001234",郑州京广路隧道 / 菜市场顶楼,有两位腿脚不便的老人,地面塌陷,缺水缺粮 / 联系15900001234,high,113.64,34.748,郑州京广路隧道 [local]
tmpl_0066,"SOS! 温州永嘉县卫生院3楼, 地震了, 有两个受伤的老人, 已经撑不住了, 缺少干净水源, 联系15900001234",温州永嘉县 / 卫生院3楼,有两个受伤的老人,地震了,缺少干净水源 / 联系15900001234,emergency,120.69,28.15,温州永嘉县 [local]
tmpl_0067,"邢台隆尧县附近积水2米深, 卫生院3楼里有有20多个居民, 需要发电机, 电话13900001234",邢台隆尧县 / 卫生院3楼,有20多个居民,积水2米深,需要发电机 / 电话13900001234,high,114.77,37.35,邢台隆尧县 [local]
tmpl_0161,"各位: 信阳固始县厂房宿舍发生地面塌陷, 我们14个人被困, 急需药品, 联系13888887777",信阳固始县 / 厂房宿舍,我们14个人,地面塌陷,急需药品 / 联系13888887777,medium,115.654,32.169,信阳固始县 [local]
tmpl_0045,"坐标新乡牧野区, 顶楼起大火了, 有老人和小孩共12人, 急需药品, 电话13512345678",新乡牧野区 / 顶楼,有老人和小孩共12人,起大火了,急需药品 / 电话13512345678,high,113.917,35.316,新乡牧野区 [local]
tmpl_0114,"紧急求助!! 我们在舟曲县城学校教学楼, 地震了, 有几十个村民, 急需担架, 联系13888887777",舟曲县城 / 学校教学楼,有几十个村民,地震了,急需担架 / 联系13888887777,emergency,104.371,33.79,舟曲县城 [local]
seed_0064,"江苏苏州,吴江区龙卷风,有8户居民房屋受损,需要紧急安置,联系13900003456",江苏苏州 / 吴江区,8户居民,龙卷风 / 房屋受损,紧急安置 / 联系13900003456,high,120.64,31.14,吴江区 [local]
seed_0011,"甘肃积石山,地震后房子大面积受损,村里有30多个老人和孩子需要安置,急需帐篷和食品",甘肃积石山,30多个老人和孩子,地震 / 房子大面积受损,帐篷 / 食品,emergency,102.876,35.652,甘肃积石山 [local]
seed_0045,"四川西昌,经久乡森林火灾,有扑火队员被困,需要支援和撤离通道,联系13800001111",四川西昌 / 经久乡,扑火队员,森林火灾,支援 / 撤离通道 / 联系13800001111,emergency,102.18,27.79,经久乡 [local]
tmpl_0212,"坐标舟曲县城, 工地活动板房起大火了, 有8个人, 急需饮用水, 电话13512345678",舟曲县城 / 工地活动板房,有8个人,起大火了,急需饮用水 / 电话13512345678,high,104.371,33.79,舟曲县城 [local]
tmpl_0062,"紧急求助!! 我们在余姚市学校教学楼, 起大火了, 我们一家五口, 需要棉被过夜, 电话13900001234",余姚市 / 学校教学楼,我们一家五口,起大火了,需要棉被过夜 / 电话13900001234,emergency,121.154,30.04,余姚市 [local]
tmpl_0188,"救命! 珠海香洲区幼儿园一楼, 地面塌陷, 有5个被困群众, 需要保暖衣物, 联系15900001234",珠海香洲区 / 幼儿园一楼,有5个被困群众,地面塌陷,需要保暖衣物 / 联系15900001234,emergency,113.54,22.266,珠海香洲区 [local]
tmpl_0115,"救命! 大理漾濞县养老院二楼, 停电了, 有几十个村民, 缺水缺粮, 手机18600001111",大理漾濞县 / 养老院二楼,有几十个村民,停电了,缺水缺粮 / 手机18600001111,emergency,99.958,25.67,大理漾濞县 [local]
tmpl_0020,"大理漾濞县附近房子被淹了, 地下车库里有有5个被困群众, 急需抗生素, 手机13766665588",大理漾濞县 / 地下车库,有5个被困群众,房子被淹了,急需抗生素 / 手机13766665588,high,99.958,25.67,大理漾濞县 [local]
tmpl_0147,"丽江宁蒗县这边台风吹倒树, 有老人和小孩共12人, 暂时安全但需要棉被过夜, 电话13512345678",丽江宁蒗县,有老人和小孩共12人,台风吹倒树,需要棉被过夜 / 电话13512345678,medium,100.851,27.285,丽江宁蒗县 [local]
tmpl_0163,"汶川映秀镇情况通报: 台风吹倒树, 我们一家五口, 急需饮用水, 联系15900001234",汶川映秀镇,我们一家五口,台风吹倒树,急需饮用水 / 联系15900001234,medium,103.485,31.006,汶川映秀镇 [local]
tmpl_0215,"救命! 盐源县工地活动板房, 通讯断了, 有4个学生, 需要干净的水, 电话13512345678",盐源县 / 工地活动板房,有4个学生,通讯断了,需要干净的水 / 电话13512345678,emergency,101.51,27.43,盐源县 [local]
seed_0027,"广西桂林,漓江水位猛涨,阳朔县兴坪镇被困游客30多人,急需食物和水,手机13800007777",广西桂林 / 漓江 / 阳朔县兴坪镇,被困游客30多人,水位猛涨,食物 / 水 / 手机13800007777,high,110.5,24.88,阳朔县兴坪镇 [local]
tmpl_0187,"紧急求助!! 我们在信阳固始县菜市场顶楼, 房子塌了, 有10多个人, 需要救援人员, 电话13512345678",信阳固始县 / 菜市场顶楼,有10多个人,房子塌了,需要救援人员 / 电话13512345678,emergency,115.654,32.169,信阳固始县 [local]
seed_0016,"急!郑州京广路隧道被淹,水深2米,我们一辆车4个人出不来,求救船只,电话13900001111",郑州京广路隧道,4个人,被淹 / 水深2米,求救船只 / 电话13900001111,emergency,113.64,34.748,郑州京广路隧道 [local]
tmpl_0217,"宜宾长宁县附近楼板裂开了, 村委会二楼里有有4个学生, 需要棉被过夜, 电话13900001234",宜宾长宁县 / 村委会二楼,有4个学生,楼板裂开了,需要棉被过夜 / 电话13900001234,high,104.921,28.58,宜宾长宁县 [local]
tmpl_0061,"十万火急! 宜宾长宁县村委会二楼停电了, 我们14个人, 现在很危险, 急需抽水机, 联系13888887777",宜宾长宁县 / 村委会二楼,我们14个人,停电了,急需抽水机 / 联系13888887777,emergency,104.921,28.58,宜宾长宁县 [local]
tmpl_0054,"厦门翔安区这边天花板掉下来, 有几十个村民, 暂时安全但需要发电机, 联系15900001234",厦门翔安区,有几十个村民,天花板掉下来,需要发电机 / 联系15900001234,medium,118.246,24.551,厦门翔安区 [local]
tmpl_0087,"麻烦扩散: 大理漾濞县养老院二楼发生天花板掉下来, 有5个被困群众, 需要干净的水, 联系13888887777",大理漾濞县 / 养老院二楼,有5个被困群众,天花板掉下来,需要干净的水 / 联系13888887777,high,99.958,25.67,大理漾濞县 [local]
tmpl_0015,"麻烦扩散: 河北涿州村委会二楼发生地面塌陷, 有10多个人, 急需药品, 联系13888887777",河北涿州 / 村委会二楼,有10多个人,地面塌陷,急需药品 / 联系13888887777,high,115.981,39.486,河北涿州 [local]
seed_0049,"各位好友帮忙转发!我的朋友小李在郑州,失联12小时了,他在京广路附近办公,请看到的联系13900006666",郑州 / 京广路,朋友小李,失联12小时,联系13900006666,high,113.64,34.748,京广路 [local]
tmpl_0099,"SOS! 舟曲县城3楼, 路被堵死, 有5个被困群众, 已经撑不住了, 需要食物, 联系15900001234",舟曲县城 / 3楼,有5个被困群众,路被堵死,需要食物 / 联系15900001234,emergency,104.371,33.79,舟曲县城 [local]
tmpl_0193,"急!!! 凉山木里县方向停电了, 有一位孕妇困在厂房宿舍里, 急需担架, 联系15900001234",凉山木里县 / 厂房宿舍,有一位孕妇,停电了,急需担架 / 联系15900001234,emergency,101.28,27.829,凉山木里县 [local]
tmpl_0140,"急!!! 汶川映秀镇方向天花板掉下来, 有4个学生困在地下车库里, 需要食物, 联系13888887777",汶川映秀镇 / 地下车库,有4个学生,天花板掉下来,需要食物 / 联系13888887777,emergency,103.485,31.006,汶川映秀镇 [local]
tmpl_0165,"坐标鹤壁浚县, 工地活动板房积水2米深, 有6个老人, 急需药品, 手机18600001111",鹤壁浚县 / 工地活动板房,有6个老人,积水2米深,急需药品 / 手机18600001111,high,114.55,35.675,鹤壁浚县 [local]
tmpl_0048,"#紧急求救# 雅安芦山县附近堤坝决口, 有20多个居民被困养老院二楼, 急需药品, 联系13888887777",雅安芦山县 / 养老院二楼,有20多个居民,堤坝决口,急需药品 / 联系13888887777,emergency,102.929,30.144,雅安芦山县 [local]
seed_0022,"#求助# 北京门头沟区,永定河洪水,妙峰山镇有被困群众12人,急需饮用水和食品,联系13500006666",北京门头沟区 / 永定河 / 妙峰山镇,被困群众12人,洪水,饮用水 / 食品 / 联系13500006666,high,116.101,39.94,北京门头沟区 [local]
tmpl_0198,"SOS! 宜宾长宁县菜市场顶楼, 泥石流冲下来, 有两个受伤的老人, 已经撑不住了, 急需饮用水, 联系15900001234",宜宾长宁县 / 菜市场顶楼,有两个受伤的老人,泥石流冲下来,急需饮用水 / 联系15900001234,emergency,104.921,28.58,宜宾长宁县 [local]
tmpl_0129,"坐标凉山木里县, 幼儿园一楼天花板掉下来, 有一位孕妇, 求救船只, 电话13900001234",凉山木里县 / 幼儿园一楼,有一位孕妇,天花板掉下来,求救船只 / 电话13900001234,high,101.28,27.829,凉山木里县 [local]
seed_0047,"上海浦东,张江某实验室起火,有4名研究员被困,需要救援队,电话13500003333",上海浦东 / 张江 / 实验室,4名研究员,起火,救援队 / 电话13500003333,emergency,121.473,31.23,上海 [local]
seed_0040,"四川盐源县,山体滑坡,梅子坪镇道路中断,5户村民被困,需要食物和饮用水,联系13800005555",四川盐源县 / 梅子坪镇,5户村民,山体滑坡 / 道路中断,食物 / 饮用水 / 联系13800005555,high,101.43,27.48,梅子坪镇 [local]
tmpl_0079,"麻烦扩散: 邢台隆尧县养老院二楼发生墙体倾斜, 有两个受伤的老人, 需要干净的水, 手机13766665588",邢台隆尧县 / 养老院二楼,有两个受伤的老人,墙体倾斜,需要干净的水 / 手机13766665588,high,114.77,37.35,邢台隆尧县 [local]
tmpl_0121,"求转发: 舟曲县城工地活动板房通讯断了, 有6个老人, 急需饮用水, 联系15900001234",舟曲县城 / 工地活动板房,有6个老人,通讯断了,急需饮用水 / 联系15900001234,medium,104.371,33.79,舟曲县城 [local]
seed_0030,"安徽阜阳,颍河泛滥,颍上县半岗镇有被困群众,缺饮用水,电话13900002222",安徽阜阳 / 颍河 / 颍上县半岗镇,被困群众,泛滥,缺饮用水 / 电话13900002222,medium,116.26,32.625,颍上县 [local]
seed_0020,"河北涿州,大清河决堤,码头村全村被淹,有孕妇和孩子困在村委会,急需船只转移",河北涿州 / 大清河 / 码头村,孕妇和孩子,决堤 / 村 / 被淹,船只 / 转移,emergency,115.981,39.486,河北涿州 [local]
tmpl_0164,"求助: 北京门头沟区村委会二楼, 余震不断, 我们14个人, 缺少干净水源, 手机13766665588",北京门头沟区 / 村委会二楼,我们14个人,余震不断,缺少干净水源 / 手机13766665588,high,116.101,39.94,北京门头沟区 [local]
tmpl_0169,"坐标郑州京广路隧道, 学校教学楼房子被淹了, 有两位腿脚不便的老人, 需要棉被过夜, 电话13512345678",郑州京广路隧道 / 学校教学楼,有两位腿脚不便的老人,房子被淹了,需要棉被过夜 / 电话13512345678,high,113.64,34.748,郑州京广路隧道 [local]
tmpl_0091,"麻烦扩散: 郑州京广路隧道村委会二楼发生房子塌了, 我们一家五口, 需要发电机, 手机13766665588",郑州京广路隧道 / 村委会二楼,我们一家五口,房子塌了,需要发电机 / 手机13766665588,high,113.64,34.748,郑州京广路隧道 [local]
seed_0038,"广东深圳,台风天鸽,盐田区码头集装箱倒塌,有3名工人受伤,需要担架,联系13700001111",广东深圳 / 盐田区码头,3名工人,台风天鸽 / 集装箱倒塌,担架 / 联系13700001111,high,114.27,22.57,盐田区码头 [local]
tmpl_0192,"紧急求助!! 我们在信阳固始县工地活动板房, 路被堵死, 我一家三口, 需要干净的水, 联系15900001234",信阳固始县 / 工地活动板房,我一家三口,路被堵死,需要干净的水 / 联系15900001234,emergency,115.654,32.169,信阳固始县 [local]
tmpl_0113,"@救援队 北京门头沟区学校教学楼停电了, 有8个人, 需要棉被过夜, 联系13888887777",救援队 / 北京门头沟区 / 学校教学楼,有8个人,停电了,需要棉被过夜 / 联系13888887777,high,116.101,39.94,北京门头沟区 [local]
seed_0029,"江西九江,长江水位上涨,柴桑区江洲镇被淹,有20多位老人需要转移,急需船只",江西九江 / 长江 / 柴桑区江洲镇,20多位老人,水位上涨 / 被淹,转移 / 船只,emergency,115.89,29.61,柴桑区 [local]
tmpl_0073,"郑州京广路隧道附近楼板裂开了, 卫生院3楼里有我们一家五口, 急需担架, 手机18600001111",郑州京广路隧道 / 卫生院3楼,我们一家五口,楼板裂开了,急需担架 / 手机18600001111,high,113.64,34.748,郑州京广路隧道 [local]
tmpl_0088,"十万火急! 珠海香洲区卫生院3楼地震了, 有4个学生, 现在很危险, 需要保暖衣物, 手机18600001111",珠海香洲区 / 卫生院3楼,有4个学生,地震了,需要保暖衣物 / 手机18600001111,emergency,113.54,22.266,珠海香洲区 [local]
tmpl_0159,"#紧急求救# 邢台隆尧县附近地震了, 有两位腿脚不便的老人被困学校教学楼, 急需抽水机, 电话13512345678",邢台隆尧县 / 学校教学楼,有两位腿脚不便的老人,地震了,急需抽水机 / 电话13512345678,emergency,114.77,37.35,邢台隆尧县 [local]
tmpl_0173,"宜宾长宁县附近山体滑坡, 3楼里有我一家三口, 需要帐篷, 电话13512345678",宜宾长宁县 / 3楼,我一家三口,山体滑坡,需要帐篷 / 电话13512345678,high,104.921,28.58,宜宾长宁县 [local]
seed_0035,"广西北海,台风带来暴雨,银海区低洼处内涝,有10多户被困,急需食物,电话13600007777",广西北海 / 银海区,10多户,台风 / 暴雨 / 低洼 / 内涝,食物 / 电话13600007777,high,109.13,21.44,银海区 [local]
tmpl_0158,"珠海香洲区这边通讯断了, 有10多个人, 需要帐篷, 请转发帮助, 电话13512345678",珠海香洲区,有10多个人,通讯断了,需要帐篷 / 电话13512345678,high,113.54,22.266,珠海香洲区 [local]
tmpl_0010,"坐标郑州京广路隧道, 学校教学楼火势很大, 有20多个居民, 需要帐篷, 手机18600001111",郑州京广路隧道 / 学校教学楼,有20多个居民,火势很大,需要帐篷 / 手机18600001111,high,113.64,34.748,郑州京广路隧道 [local]
tmpl_0094,"SOS! 北川县城幼儿园一楼, 地震了, 有老人和小孩共12人, 已经撑不住了, 需要帐篷, 电话13900001234",北川县城 / 幼儿园一楼,有老人和小孩共12人,地震了,需要帐篷 / 电话13900001234,emergency,104.468,31.827,北川县城 [local]
tmpl_0098,"麻烦扩散: 余姚市卫生院3楼发生积水2米深, 有8个人, 需要干净的水, 手机18600001111",余姚市 / 卫生院3楼,有8个人,积水2米深,需要干净的水 / 手机18600001111,high,121.154,30.04,余姚市 [local]
tmpl_0162,"报平安: 鹤壁浚县学校教学楼, 台风吹倒树, 有6个老人, 需要保暖衣物, 联系15900001234",鹤壁浚县 / 学校教学楼,有6个老人,台风吹倒树,需要保暖衣物 / 联系15900001234,medium,114.55,35.675,鹤壁浚县 [local]
tmpl_0170,"坐标九寨沟县, 卫生院3楼地面塌陷, 有8个人, 缺水缺粮, 联系13888887777",九寨沟县 / 卫生院3楼,有8个人,地面塌陷,缺水缺粮 / 联系13888887777,high,104.243,33.262,九寨沟县 [local]
tmpl_0185,"紧急求助!! 我们在青海玉树地下车库, 天花板掉下来, 我们一家五口, 急需抽水机, 联系13888887777",青海玉树 / 地下车库,我们一家五口,天花板掉下来,急需抽水机 / 联系13888887777,emergency,97.008,33.004,青海玉树 [local]
tmpl_0023,"青海玉树这边火势很大, 有5个被困群众, 缺水缺粮, 请转发帮助, 联系15900001234",青海玉树,有5个被困群众,火势很大,缺水缺粮 / 联系15900001234,high,97.008,33.004,青海玉树 [local]
seed_0039,"舟曲县城,特大泥石流,城关镇房屋被埋,有30多人被困,急需挖掘设备和救援,电话13900004444",舟曲县城 / 城关镇,30多人,特大泥石流 / 房屋被埋,挖掘设备 / 救援 / 电话13900004444,emergency,104.371,33.79,舟曲县城 [local]
tmpl_0011,"河北涿州附近楼板裂开了, 菜市场顶楼里有有6个老人, 急需抗生素, 联系13888887777",河北涿州 / 菜市场顶楼,有6个老人,楼板裂开了,急需抗生素 / 联系13888887777,high,115.981,39.486,河北涿州 [local]
tmpl_0021,"紧急求助!! 我们在厦门翔安区学校教学楼, 地震了, 有几十个村民, 缺少干净水源, 手机18600001111",厦门翔安区 / 学校教学楼,有几十个村民,地震了,缺少干净水源 / 手机18600001111,emergency,118.246,24.551,厦门翔安区 [local]
tmpl_0034,"报平安: 邢台隆尧县小区地下负一层, 山体滑坡, 有3个人, 需要发电机, 手机18600001111",邢台隆尧县 / 小区地下负一层,有3个人,山体滑坡,需要发电机 / 手机18600001111,medium,114.77,37.35,邢台隆尧县 [local]
